id,name,hamletId,officialOrder
anambra_ihiala_ihiala_ezi_amamu_dioha_umuadobihi_umuogwazu_uzokaenyi,Uzokaenyi,anambra_ihiala_ihiala_ezi_amamu_dioha_umuadobihi_umuogwazu,1
anambra_ihiala_ihiala_ezi_amamu_dioha_umuadobihi_umuogwazu_iroha,Iroha,anambra_ihiala_ihiala_ezi_amamu_dioha_umuadobihi_umuogwazu,2
anambra_ihiala_ihiala_ezi_amamu_dioha_umuadobihi_umuogwazu_nwokaeji,Nwokaeji,anambra_ihiala_ihiala_ezi_amamu_dioha_umuadobihi_umuogwazu,3
anambra_ihiala_okija_ubahua_bu_ubahu_ubahu_etiti_ubahu_umuapani_dara_umuonwusirikam,Umuonwusirikam,anambra_ihiala_okija_ubahua_bu_ubahu_ubahu_etiti_ubahu_umuapani_dara,1
anambra_ihiala_okija_ubahua_bu_ubahu_ubahu_etiti_ubahu_umuapani_dara_duruasom,Duruasom,anambra_ihiala_okija_ubahua_bu_ubahu_ubahu_etiti_ubahu_umuapani_dara,2
anambra_ihiala_okija_ubahua_bu_ubahu_ubahu_etiti_ubahu_umuapani_ngegwu_duruasom,Duruasom,anambra_ihiala_okija_ubahua_bu_ubahu_ubahu_etiti_ubahu_umuapani_ngegwu,1
anambra_ihiala_okija_ubahua_bu_ubahu_ubahu_etiti_ubahu_umuapani_ngegwu_umunwaolisa,Umunwaolisa,anambra_ihiala_okija_ubahua_bu_ubahu_ubahu_etiti_ubahu_umuapani_ngegwu,2
anambra_ihiala_okija_ubahua_bu_ubahu_ubahu_etiti_ubahu_umuapani_nhie_umudogu,Umudogu,anambra_ihiala_okija_ubahua_bu_ubahu_ubahu_etiti_ubahu_umuapani_nhie,1
anambra_ihiala_okija_ubahua_bu_ubahu_ubahu_etiti_ubahu_umuapani_nhie_umuanudo,Umuanudo,anambra_ihiala_okija_ubahua_bu_ubahu_ubahu_etiti_ubahu_umuapani_nhie,2
anambra_ihiala_okija_ubahua_bu_ubahu_ubahu_etiti_ubahu_umuapani_nebo_umuahize_chukwu,Umuahize - Chukwu,anambra_ihiala_okija_ubahua_bu_ubahu_ubahu_etiti_ubahu_umuapani_nebo,1
anambra_ihiala_okija_ubahua_bu_ubahu_ubahu_etiti_ubahu_umuapani_nebo_umu_ulasi_ocha,Umu - Ulasi Ocha,anambra_ihiala_okija_ubahua_bu_ubahu_ubahu_etiti_ubahu_umuapani_nebo,2
anambra_ihiala_okija_ubahua_bu_ubahu_ubahu_etiti_ubahu_umuapani_chugha_umu_okechukwu,Umu Okechukwu,anambra_ihiala_okija_ubahua_bu_ubahu_ubahu_etiti_ubahu_umuapani_chugha,1
anambra_ihiala_okija_ubahua_bu_ubahu_ubahu_etiti_ubahu_umuapani_chugha_umu_egbo_chukwu,Umu Egbo Chukwu,anambra_ihiala_okija_ubahua_bu_ubahu_ubahu_etiti_ubahu_umuapani_chugha,2
anambra_ihiala_okija_ubahua_bu_ubahu_ubahu_etiti_ubahu_umuapani_chugha_umu_nka_dom,Umu Nka Dom,anambra_ihiala_okija_ubahua_bu_ubahu_ubahu_etiti_ubahu_umuapani_chugha,3
anambra_ihiala_okija_ubahua_bu_ubahu_ubahu_etiti_ubahu_umuapani_omukwe_umuezedike_umu_onyedumekwu,Umuezedike/Umu Onyedumekwu,anambra_ihiala_okija_ubahua_bu_ubahu_ubahu_etiti_ubahu_umuapani_omukwe,1
anambra_ihiala_okija_ubahua_bu_ubahu_ubahu_etiti_ubahu_umuapani_omukwe_umuikegbu,Umuikegbu,anambra_ihiala_okija_ubahua_bu_ubahu_ubahu_etiti_ubahu_umuapani_omukwe,2
anambra_ihiala_okija_ubahua_bu_ubahu_ubahu_etiti_ubahu_umuapani_omukwe_umu_udunwa,Umu - Udunwa,anambra_ihiala_okija_ubahua_bu_ubahu_ubahu_etiti_ubahu_umuapani_omukwe,3
anambra_ihiala_okija_ubahua_bu_ubahu_ubahu_etiti_ubahu_umuawa_umuawa_umuawa,Umuawa,anambra_ihiala_okija_ubahua_bu_ubahu_ubahu_etiti_ubahu_umuawa_umuawa,1
anambra_ihiala_okija_ubahua_bu_ubahu_ubahu_etiti_ubahu_umudaraegwu_umuorji_idi_okeli,Idi Okeli,anambra_ihiala_okija_ubahua_bu_ubahu_ubahu_etiti_ubahu_umudaraegwu_umuorji,1
anambra_ihiala_okija_ubahua_bu_ubahu_ubahu_etiti_ubahu_umudaraegwu_umuorji_durudogu,Durudogu,anambra_ihiala_okija_ubahua_bu_ubahu_ubahu_etiti_ubahu_umudaraegwu_umuorji,2
anambra_ihiala_okija_ubahua_bu_ubahu_ubahu_etiti_ubahu_umudaraegwu_umuorji_enukamadu,Enukamadu,anambra_ihiala_okija_ubahua_bu_ubahu_ubahu_etiti_ubahu_umudaraegwu_umuorji,3
anambra_ihiala_okija_ubahua_bu_ubahu_ubahu_etiti_ubahu_umudaraegwu_umuorji_ezengu,Ezengu,anambra_ihiala_okija_ubahua_bu_ubahu_ubahu_etiti_ubahu_umudaraegwu_umuorji,4
anambra_ihiala_okija_ubahua_bu_ubahu_ubahu_etiti_ubahu_umudaraegwu_umu_ihemegbunam_idiri_zeno,Idiri - Zeno,anambra_ihiala_okija_ubahua_bu_ubahu_ubahu_etiti_ubahu_umudaraegwu_umu_ihemegbunam,1
anambra_ihiala_okija_ubahua_bu_ubahu_ubahu_ubahu_uduru_umuezedam_megwara_obiejesi,Obiejesi,anambra_ihiala_okija_ubahua_bu_ubahu_ubahu_ubahu_uduru_umuezedam_megwara,1
anambra_ihiala_okija_ubahua_bu_ubahu_ubahu_ubahu_uduru_umuezedam_megwara_umuejiogu,Umuejiogu,anambra_ihiala_okija_ubahua_bu_ubahu_ubahu_ubahu_uduru_umuezedam_megwara,2
anambra_ihiala_okija_ubahua_bu_ubahu_ubahu_ubahu_uduru_umuezedam_megwara_umuchukwuede_nwangwu,Umuchukwuede Nwangwu,anambra_ihiala_okija_ubahua_bu_ubahu_ubahu_ubahu_uduru_umuezedam_megwara,3
anambra_ihiala_okija_ubahua_bu_ubahu_ubahu_ubahu_uduru_umuezedam_ehiobuna_chukwudum,Chukwudum,anambra_ihiala_okija_ubahua_bu_ubahu_ubahu_ubahu_uduru_umuezedam_ehiobuna,1
anambra_ihiala_okija_ubahua_bu_ubahu_ubahu_ubahu_uduru_umuezedam_ehiobuna_anyijiofor,Anyijiofor,anambra_ihiala_okija_ubahua_bu_ubahu_ubahu_ubahu_uduru_umuezedam_ehiobuna,2
anambra_ihiala_okija_ubahua_bu_ubahu_ubahu_ubahu_uduru_umuezedam_ehiobuna_obodozie_nnem_olisa,Obodozie/Nnem Olisa,anambra_ihiala_okija_ubahua_bu_ubahu_ubahu_ubahu_uduru_umuezedam_ehiobuna,3
anambra_ihiala_okija_ubahua_bu_ubahu_ubahu_ubahu_uduru_umuezedam_ezedike_nzomiwu,Nzomiwu,anambra_ihiala_okija_ubahua_bu_ubahu_ubahu_ubahu_uduru_umuezedam_ezedike,1
anambra_ihiala_okija_ubahua_bu_ubahu_ubahu_ubahu_uduru_umuezedam_ezedike_malizu,Malizu,anambra_ihiala_okija_ubahua_bu_ubahu_ubahu_ubahu_uduru_umuezedam_ezedike,2
anambra_ihiala_okija_ubahua_bu_ubahu_ubahu_ubahu_uduru_umuezedam_ezedike_ebulue,Ebulue,anambra_ihiala_okija_ubahua_bu_ubahu_ubahu_ubahu_uduru_umuezedam_ezedike,3
anambra_ihiala_okija_ubahua_bu_ubahu_ubahu_ubahu_uduru_umuezedam_ezediana_unuigwe,Unuigwe,anambra_ihiala_okija_ubahua_bu_ubahu_ubahu_ubahu_uduru_umuezedam_ezediana,1
anambra_ihiala_okija_ubahua_bu_ubahu_ubahu_ubahu_uduru_umuezedam_ezediana_odinaka,Odinaka,anambra_ihiala_okija_ubahua_bu_ubahu_ubahu_ubahu_uduru_umuezedam_ezediana,2
anambra_ihiala_okija_ubahua_bu_ubahu_ubahu_ubahu_uduru_umuezedam_ndionyebarachi_ibidoduna,Ibidoduna,anambra_ihiala_okija_ubahua_bu_ubahu_ubahu_ubahu_uduru_umuezedam_ndionyebarachi,1
anambra_ihiala_okija_ubahua_bu_ubahu_ubahu_ubahu_uduru_umuezedam_ndionyebarachi_nwajeri,Nwajeri,anambra_ihiala_okija_ubahua_bu_ubahu_ubahu_ubahu_uduru_umuezedam_ndionyebarachi,2
anambra_ihiala_okija_ubahua_bu_ubahu_ubahu_ubahu_uduru_umuezedam_izunabo_ugochukwu,Ugochukwu,anambra_ihiala_okija_ubahua_bu_ubahu_ubahu_ubahu_uduru_umuezedam_izunabo,1
anambra_ihiala_okija_ubahua_bu_ubahu_ubahu_ubahu_uduru_umuezedam_ndiezike_ewulu,Ewulu,anambra_ihiala_okija_ubahua_bu_ubahu_ubahu_ubahu_uduru_umuezedam_ndiezike,1
anambra_ihiala_okija_uhu0b0_na_uhuowelle_ofor_na_ngwu_uhungwu_uhungwu_ndiezike_ewulu,Ewulu,anambra_ihiala_okija_uhu0b0_na_uhuowelle_ofor_na_ngwu_uhungwu_uhungwu_ndiezike,1
anambra_ihiala_okija_ubahua_bu_ubahu_ubahu_ubahu_uduru_umuezedam_ndiezike_osungwu,Osungwu,anambra_ihiala_okija_ubahua_bu_ubahu_ubahu_ubahu_uduru_umuezedam_ndiezike,2
anambra_ihiala_okija_uhu0b0_na_uhuowelle_ofor_na_ngwu_uhungwu_uhungwu_ndiezike_osungwu,Osungwu,anambra_ihiala_okija_uhu0b0_na_uhuowelle_ofor_na_ngwu_uhungwu_uhungwu_ndiezike,2
anambra_ihiala_okija_ubahua_bu_ubahu_ubahu_ubahu_uduru_umuezedam_ndiezike_okereke_chigere,Okereke Chigere,anambra_ihiala_okija_ubahua_bu_ubahu_ubahu_ubahu_uduru_umuezedam_ndiezike,3
anambra_ihiala_okija_uhu0b0_na_uhuowelle_ofor_na_ngwu_uhungwu_uhungwu_ndiezike_okereke_chigere,Okereke Chigere,anambra_ihiala_okija_uhu0b0_na_uhuowelle_ofor_na_ngwu_uhungwu_uhungwu_ndiezike,3
anambra_ihiala_okija_ubahua_bu_ubahu_ubahu_ubahu_uduru_umuezedam_ndiezike_nnaji,Nnaji,anambra_ihiala_okija_ubahua_bu_ubahu_ubahu_ubahu_uduru_umuezedam_ndiezike,4
anambra_ihiala_okija_uhu0b0_na_uhuowelle_ofor_na_ngwu_uhungwu_uhungwu_ndiezike_nnaji,Nnaji,anambra_ihiala_okija_uhu0b0_na_uhuowelle_ofor_na_ngwu_uhungwu_uhungwu_ndiezike,4
anambra_ihiala_okija_ubahua_bu_ubahu_ubahu_ubahu_uduru_umuakporom_umu_nabara_okwa_aku,Okwa - Aku,anambra_ihiala_okija_ubahua_bu_ubahu_ubahu_ubahu_uduru_umuakporom_umu_nabara,1
anambra_ihiala_okija_ubahua_bu_ubahu_ubahu_ubahu_uduru_umuakporom_umu_nabara_umuidiegbu,Umuidiegbu,anambra_ihiala_okija_ubahua_bu_ubahu_ubahu_ubahu_uduru_umuakporom_umu_nabara,2
anambra_ihiala_okija_ubahua_bu_ubahu_ubahu_ubahu_uduru_umuakporom_umu_nabara_umuilonwa,Umuilonwa,anambra_ihiala_okija_ubahua_bu_ubahu_ubahu_ubahu_uduru_umuakporom_umu_nabara,3
anambra_ihiala_okija_ubahua_bu_ubahu_ubahu_ubahu_uduru_umuakporom_umungwu_umueze_akudinaobi,Umueze Akudinaobi,anambra_ihiala_okija_ubahua_bu_ubahu_ubahu_ubahu_uduru_umuakporom_umungwu,1
anambra_ihiala_okija_ubahua_bu_ubahu_ubahu_ubahu_uduru_umuakporom_umungwu_umudinorom,Umudinorom,anambra_ihiala_okija_ubahua_bu_ubahu_ubahu_ubahu_uduru_umuakporom_umungwu,2
anambra_ihiala_okija_ubahua_bu_ubahu_ubahu_ubahu_uduru_umuakporom_umungwu_umudiaku,Umudiaku,anambra_ihiala_okija_ubahua_bu_ubahu_ubahu_ubahu_uduru_umuakporom_umungwu,3
anambra_ihiala_okija_ubahua_bu_ubahu_ubahu_ubahu_uduru_umuakporom_umueze_iloana_ngwu_ogu,Ngwu Ogu,anambra_ihiala_okija_ubahua_bu_ubahu_ubahu_ubahu_uduru_umuakporom_umueze_iloana,1
anambra_ihiala_okija_ubahua_bu_ubahu_ubahu_ubahu_uduru_umuakporom_umueze_iloana_ezeabam,Ezeabam,anambra_ihiala_okija_ubahua_bu_ubahu_ubahu_ubahu_uduru_umuakporom_umueze_iloana,2
anambra_ihiala_okija_ubahua_bu_ubahu_ubahu_ubahu_uduru_umuakporom_umuemenighe_umueze_onuoha,Umueze Onuoha,anambra_ihiala_okija_ubahua_bu_ubahu_ubahu_ubahu_uduru_umuakporom_umuemenighe,1
anambra_ihiala_okija_ubahua_bu_ubahu_ubahu_ubahu_uduru_umuakporom_umuemenighe_umueze_ekeyim,Umueze Ekeyim,anambra_ihiala_okija_ubahua_bu_ubahu_ubahu_ubahu_uduru_umuakporom_umuemenighe,2
anambra_ihiala_okija_ubahua_bu_ubahu_ubahu_ubahu_uduru_umuakporom_umuigboeje_umuigboeje,Umuigboeje,anambra_ihiala_okija_ubahua_bu_ubahu_ubahu_ubahu_uduru_umuakporom_umuigboeje,1
anambra_ihiala_okija_ubahua_bu_ubahu_ubahu_ubahu_uduru_ugwuchereku_umuiloegbuna_umuiloegbuna,Umuiloegbuna,anambra_ihiala_okija_ubahua_bu_ubahu_ubahu_ubahu_uduru_ugwuchereku_umuiloegbuna,1
anambra_ihiala_okija_ubahua_bu_ubahu_ubahu_ubahu_uduru_ugwuchereku_umu_uzoegwu_umu_uzoegwu,Umu - Uzoegwu,anambra_ihiala_okija_ubahua_bu_ubahu_ubahu_ubahu_uduru_ugwuchereku_umu_uzoegwu,1
anambra_ihiala_okija_ubahua_bu_ubahu_ubahu_ubahu_uduru_ugwuchereku_umudibiagu_umudibiagu,Umudibiagu,anambra_ihiala_okija_ubahua_bu_ubahu_ubahu_ubahu_uduru_ugwuchereku_umudibiagu,1
anambra_ihiala_okija_ubahua_bu_ubahu_ubahu_ubahu_uduru_ugwuchereku_umudiji_umudiji,Umudiji,anambra_ihiala_okija_ubahua_bu_ubahu_ubahu_ubahu_uduru_ugwuchereku_umudiji,1
anambra_ihiala_okija_ubahua_bu_ubahu_ubahu_ubahu_uduru_ugwuchereku_umuizunabo_umuizunabo,Umuizunabo,anambra_ihiala_okija_ubahua_bu_ubahu_ubahu_ubahu_uduru_ugwuchereku_umuizunabo,1
anambra_ihiala_okija_ubahua_bu_ubahu_ubahu_ubahu_uduru_ugwuchereku_umuisiagu_umuisiagu,Umuisiagu,anambra_ihiala_okija_ubahua_bu_ubahu_ubahu_ubahu_uduru_ugwuchereku_umuisiagu,1
anambra_ihiala_okija_ubahua_bu_ubahu_ezinaukpodu_ubahu_ezike_ubahu_ezike_umuezike_umuokenwa,Umuokenwa,anambra_ihiala_okija_ubahua_bu_ubahu_ezinaukpodu_ubahu_ezike_ubahu_ezike_umuezike,1
anambra_ihiala_okija_ubahua_bu_ubahu_ezinaukpodu_ubahu_ezike_ubahu_ezike_umuezike_umuokalu,Umuokalu,anambra_ihiala_okija_ubahua_bu_ubahu_ezinaukpodu_ubahu_ezike_ubahu_ezike_umuezike,2
anambra_ihiala_okija_ubahua_bu_ubahu_ezinaukpodu_ubahu_ezike_ubahu_ezike_umuezike_umuemekekwuo,Umuemekekwuo,anambra_ihiala_okija_ubahua_bu_ubahu_ezinaukpodu_ubahu_ezike_ubahu_ezike_umuezike,3
anambra_ihiala_okija_ubahua_bu_ubahu_ezinaukpodu_ubahu_ezike_ubahu_ezike_umuezike_umuechefu,Umuechefu,anambra_ihiala_okija_ubahua_bu_ubahu_ezinaukpodu_ubahu_ezike_ubahu_ezike_umuezike,4
anambra_ihiala_okija_ubahua_bu_ubahu_ezinaukpodu_ubahu_ezike_ubahu_ezike_umuesikam_ezikeaghagwo,Ezikeaghagwo,anambra_ihiala_okija_ubahua_bu_ubahu_ezinaukpodu_ubahu_ezike_ubahu_ezike_umuesikam,1
anambra_ihiala_okija_ubahua_bu_ubahu_ezinaukpodu_ubahu_ezike_ubahu_ezike_umuesikam_umuenw0r0m,Umuenw0R0M,anambra_ihiala_okija_ubahua_bu_ubahu_ezinaukpodu_ubahu_ezike_ubahu_ezike_umuesikam,2
anambra_ihiala_okija_ubahua_bu_ubahu_ezinaukpodu_ubahu_ezike_ubahu_ezike_umuesikam_emegwammuo,Emegwammuo,anambra_ihiala_okija_ubahua_bu_ubahu_ezinaukpodu_ubahu_ezike_ubahu_ezike_umuesikam,3
anambra_ihiala_okija_ubahua_bu_ubahu_ezinaukpodu_ubahu_ezike_ubahu_ezike_umuesikam_umuanyaoha,Umuanyaoha,anambra_ihiala_okija_ubahua_bu_ubahu_ezinaukpodu_ubahu_ezike_ubahu_ezike_umuesikam,4
anambra_ihiala_okija_ubahua_bu_ubahu_ezinaukpodu_ubahu_ezike_ubahu_ezike_umuezenwune_umuokereke,Umuokereke,anambra_ihiala_okija_ubahua_bu_ubahu_ezinaukpodu_ubahu_ezike_ubahu_ezike_umuezenwune,1
anambra_ihiala_okija_ubahua_bu_ubahu_ezinaukpodu_ubahu_ezike_ubahu_ezike_umuezenwune_umuohanuba,Umuohanuba,anambra_ihiala_okija_ubahua_bu_ubahu_ezinaukpodu_ubahu_ezike_ubahu_ezike_umuezenwune,2
anambra_ihiala_okija_ubahua_bu_ubahu_ezinaukpodu_ubahu_ezike_ubahu_ezike_umuezie_umuezie,Umuezie,anambra_ihiala_okija_ubahua_bu_ubahu_ezinaukpodu_ubahu_ezike_ubahu_ezike_umuezie,1
anambra_ihiala_okija_ihitea_bu_ihite_ubahu_eze_ubahu_eze_ubahu_eze_umuoma_umuoma,Umuoma,anambra_ihiala_okija_ihitea_bu_ihite_ubahu_eze_ubahu_eze_ubahu_eze_umuoma,1
anambra_ihiala_okija_ihitea_bu_ihite_ubahu_eze_ubahu_eze_ubahu_eze_uhuokwe_uhuokwe,Uhuokwe,anambra_ihiala_okija_ihitea_bu_ihite_ubahu_eze_ubahu_eze_ubahu_eze_uhuokwe,1
anambra_ihiala_okija_ihitea_bu_ihite_ubahu_eze_ubahu_eze_ubahu_eze_ubahu_ogwugwu_ubahu_ogwugwu,Ubahu - Ogwugwu,anambra_ihiala_okija_ihitea_bu_ihite_ubahu_eze_ubahu_eze_ubahu_eze_ubahu_ogwugwu,1
anambra_ihiala_okija_ihitea_bu_ihite_ubahumonum_ubahumonum_ezimbara_umuoha_umu_ezeazubuike,Umu - Ezeazubuike,anambra_ihiala_okija_ihitea_bu_ihite_ubahumonum_ubahumonum_ezimbara_umuoha,1
anambra_ihiala_okija_ihitea_bu_ihite_ubahumonum_ubahumonum_ezimbara_umuoha_umu_nkameme,Umu - Nkameme,anambra_ihiala_okija_ihitea_bu_ihite_ubahumonum_ubahumonum_ezimbara_umuoha,2
anambra_ihiala_okija_ihitea_bu_ihite_ubahumonum_ubahumonum_ezimbara_umuoha_umu_akusoronwa,Umu - Akusoronwa,anambra_ihiala_okija_ihitea_bu_ihite_ubahumonum_ubahumonum_ezimbara_umuoha,3
anambra_ihiala_okija_ihitea_bu_ihite_ubahumonum_ubahumonum_ezimbara_umuoha_umu_anyamele,Umu - Anyamele,anambra_ihiala_okija_ihitea_bu_ihite_ubahumonum_ubahumonum_ezimbara_umuoha,4
anambra_ihiala_okija_ihitea_bu_ihite_ubahumonum_ubahumonum_ezimbara_umuoha_umu_onyejiforonwa,Umu - Onyejiforonwa,anambra_ihiala_okija_ihitea_bu_ihite_ubahumonum_ubahumonum_ezimbara_umuoha,5
anambra_ihiala_okija_ihitea_bu_ihite_ubahumonum_ubahumonum_ezimbara_umuoha_umu_nwazumahu,Umu - Nwazumahu,anambra_ihiala_okija_ihitea_bu_ihite_ubahumonum_ubahumonum_ezimbara_umuoha,6
anambra_ihiala_okija_ihitea_bu_ihite_ubahumonum_ubahumonum_ezimbara_umuezeagwute_umu_ulasi_okorolobe,Umu - Ulasi /Okorolobe,anambra_ihiala_okija_ihitea_bu_ihite_ubahumonum_ubahumonum_ezimbara_umuezeagwute,1
anambra_ihiala_okija_ihitea_bu_ihite_ubahumonum_ubahumonum_ezimbara_umuezeagwute_umu_iyiegbu,Umu - Iyiegbu,anambra_ihiala_okija_ihitea_bu_ihite_ubahumonum_ubahumonum_ezimbara_umuezeagwute,2
anambra_ihiala_okija_ihitea_bu_ihite_ubahumonum_ubahumonum_ezimbara_umuezeagwute_umu_ezeana_awugosi,Umu - Ezeana Awugosi,anambra_ihiala_okija_ihitea_bu_ihite_ubahumonum_ubahumonum_ezimbara_umuezeagwute,3
anambra_ihiala_okija_ihitea_bu_ihite_ubahumonum_ubahumonum_ezimbara_umuezeagwute_umu_ohusi,Umu - Ohusi,anambra_ihiala_okija_ihitea_bu_ihite_ubahumonum_ubahumonum_ezimbara_umuezeagwute,4
anambra_ihiala_okija_ihitea_bu_ihite_ubahumonum_ubahumonum_ezimbara_umuezeanofor_umu_ezeubo,Umu - Ezeubo,anambra_ihiala_okija_ihitea_bu_ihite_ubahumonum_ubahumonum_ezimbara_umuezeanofor,1
anambra_ihiala_okija_ihitea_bu_ihite_ubahumonum_ubahumonum_ezimbara_umuezeanofor_umu_ohabu,Umu - Ohabu,anambra_ihiala_okija_ihitea_bu_ihite_ubahumonum_ubahumonum_ezimbara_umuezeanofor,2
anambra_ihiala_okija_ihitea_bu_ihite_ubahumonum_ubahumonum_ezimbara_umuezeanofor_umu_umuahanwa,Umu - Umuahanwa,anambra_ihiala_okija_ihitea_bu_ihite_ubahumonum_ubahumonum_ezimbara_umuezeanofor,3
anambra_ihiala_okija_ihitea_bu_ihite_ubahumonum_ubahumonum_ezimbara_umuezechima_okpara_odogwu,Okpara - Odogwu,anambra_ihiala_okija_ihitea_bu_ihite_ubahumonum_ubahumonum_ezimbara_umuezechima,1
anambra_ihiala_okija_ihitea_bu_ihite_ubahumonum_ubahumonum_ezimbara_umuezechima_umu_ihejianya,Umu - Ihejianya,anambra_ihiala_okija_ihitea_bu_ihite_ubahumonum_ubahumonum_ezimbara_umuezechima,2
anambra_ihiala_okija_ihitea_bu_ihite_ubahumonum_ubahumonum_ezimbara_umuezechima_umu_ezeilogu,Umu - Ezeilogu,anambra_ihiala_okija_ihitea_bu_ihite_ubahumonum_ubahumonum_ezimbara_umuezechima,3
anambra_ihiala_okija_ihitea_bu_ihite_ubahumonum_ubahumonum_ezimbara_umuezechima_umu_ezeonyeka,Umu - Ezeonyeka,anambra_ihiala_okija_ihitea_bu_ihite_ubahumonum_ubahumonum_ezimbara_umuezechima,4
anambra_ihiala_okija_ihitea_bu_ihite_ubahumonum_ubahumonum_ezimbara_umuezeona_umu_ulasika,Umu - Ulasika,anambra_ihiala_okija_ihitea_bu_ihite_ubahumonum_ubahumonum_ezimbara_umuezeona,1
anambra_ihiala_okija_ihitea_bu_ihite_ubahumonum_ubahumonum_ezimbara_umuezeona_umu_ezediogu,Umu - Ezediogu,anambra_ihiala_okija_ihitea_bu_ihite_ubahumonum_ubahumonum_ezimbara_umuezeona,2
anambra_ihiala_okija_ihitea_bu_ihite_ubahumonum_ubahumonum_ezimbara_umuezeona_umu_ezeocha,Umu - Ezeocha,anambra_ihiala_okija_ihitea_bu_ihite_ubahumonum_ubahumonum_ezimbara_umuezeona,3
anambra_ihiala_okija_ihitea_bu_ihite_ubahumonum_ubahumonum_ezimbara_umuezeona_odiba,Odiba,anambra_ihiala_okija_ihitea_bu_ihite_ubahumonum_ubahumonum_ezimbara_umuezeona,4
anambra_ihiala_okija_ihitea_bu_ihite_ubahumonum_ubahumonum_umuezim_ndiezeana_mmedoro_umu_ezitogu,Umu - Ezitogu,anambra_ihiala_okija_ihitea_bu_ihite_ubahumonum_ubahumonum_umuezim_ndiezeana_mmedoro,1
anambra_ihiala_okija_ihitea_bu_ihite_ubahumonum_ubahumonum_umuezim_ndiezeana_mmedoro_umu_okorafor,Umu - Okorafor,anambra_ihiala_okija_ihitea_bu_ihite_ubahumonum_ubahumonum_umuezim_ndiezeana_mmedoro,2
anambra_ihiala_okija_ihitea_bu_ihite_ubahumonum_ubahumonum_umuezim_ndiezeana_mmedoro_umu_ekwusim,Umu - Ekwusim,anambra_ihiala_okija_ihitea_bu_ihite_ubahumonum_ubahumonum_umuezim_ndiezeana_mmedoro,3
anambra_ihiala_okija_ihitea_bu_ihite_ubahumonum_ubahumonum_umuezim_umuezeanekwu_umu_ezeanaekwu,Umu - Ezeanaekwu,anambra_ihiala_okija_ihitea_bu_ihite_ubahumonum_ubahumonum_umuezim_umuezeanekwu,1
anambra_ihiala_okija_ihitea_bu_ihite_ubahumonum_ubahumonum_umuezim_umudarauzu_umu_ezeadim,Umu - Ezeadim,anambra_ihiala_okija_ihitea_bu_ihite_ubahumonum_ubahumonum_umuezim_umudarauzu,1
anambra_ihiala_okija_ihitea_bu_ihite_ubahumonum_ubahumonum_umuezim_umudarauzu_umu_okparamizu,Umu - Okparamizu,anambra_ihiala_okija_ihitea_bu_ihite_ubahumonum_ubahumonum_umuezim_umudarauzu,2
anambra_ihiala_okija_ihitea_bu_ihite_ubahumonum_ubahumonum_umuezim_umuagu_umu_anyadike,Umu - Anyadike,anambra_ihiala_okija_ihitea_bu_ihite_ubahumonum_ubahumonum_umuezim_umuagu,1
anambra_ihiala_okija_ihitea_bu_ihite_ubahumonum_ubahumonum_umuezim_umuagu_umu_ezechukwu,Umu - Ezechukwu,anambra_ihiala_okija_ihitea_bu_ihite_ubahumonum_ubahumonum_umuezim_umuagu,2
anambra_ihiala_okija_ihitea_bu_ihite_ubahumonum_ubahumonum_umuezim_umuagu_umu_okpok0,Umu - Okpok0,anambra_ihiala_okija_ihitea_bu_ihite_ubahumonum_ubahumonum_umuezim_umuagu,3
anambra_ihiala_okija_ihitea_bu_ihite_ubahumonum_ubahumonum_umuezim_umuagu_umu_omenu,Umu - Omenu,anambra_ihiala_okija_ihitea_bu_ihite_ubahumonum_ubahumonum_umuezim_umuagu,4
anambra_ihiala_okija_ihitea_bu_ihite_ubahumonum_ubahumonum_umuezim_umuagu_umu_ezejiaku,Umu - Ezejiaku,anambra_ihiala_okija_ihitea_bu_ihite_ubahumonum_ubahumonum_umuezim_umuagu,5
anambra_ihiala_okija_ihitea_bu_ihite_ubahumonum_ubahumonum_umuezim_umuagu_umu_nworie,Umu - Nworie,anambra_ihiala_okija_ihitea_bu_ihite_ubahumonum_ubahumonum_umuezim_umuagu,6
anambra_ihiala_okija_ihitea_bu_ihite_isieke_ubahu_udara_isieke_isieke_ezengu_umuntado,Umuntado,anambra_ihiala_okija_ihitea_bu_ihite_isieke_ubahu_udara_isieke_isieke_ezengu,1
anambra_ihiala_okija_ihitea_bu_ihite_isieke_ubahu_udara_isieke_isieke_ezengu_dukuihiemeke,Dukuihiemeke,anambra_ihiala_okija_ihitea_bu_ihite_isieke_ubahu_udara_isieke_isieke_ezengu,2
anambra_ihiala_okija_ihitea_bu_ihite_isieke_ubahu_udara_isieke_isieke_ezengu_umudeohimili,Umudeohimili,anambra_ihiala_okija_ihitea_bu_ihite_isieke_ubahu_udara_isieke_isieke_ezengu,3
anambra_ihiala_okija_ihitea_bu_ihite_isieke_ubahu_udara_isieke_isieke_ndukaihim_umunwaonu,Umunwaonu,anambra_ihiala_okija_ihitea_bu_ihite_isieke_ubahu_udara_isieke_isieke_ndukaihim,1
anambra_ihiala_okija_ihitea_bu_ihite_isieke_ubahu_udara_isieke_isieke_ndukaihim_orji,Orji,anambra_ihiala_okija_ihitea_bu_ihite_isieke_ubahu_udara_isieke_isieke_ndukaihim,2
anambra_ihiala_okija_ihitea_bu_ihite_isieke_ubahu_udara_isieke_isieke_ndukaihim_umudike_okonkwo,Umudike Okonkwo,anambra_ihiala_okija_ihitea_bu_ihite_isieke_ubahu_udara_isieke_isieke_ndukaihim,3
anambra_ihiala_okija_ihitea_bu_ihite_isieke_ubahu_udara_isieke_isieke_umunaka_umuntado,Umuntado,anambra_ihiala_okija_ihitea_bu_ihite_isieke_ubahu_udara_isieke_isieke_umunaka,1
anambra_ihiala_okija_ihitea_bu_ihite_isieke_ubahu_udara_isieke_isieke_umunaka_umunaono,Umunaono,anambra_ihiala_okija_ihitea_bu_ihite_isieke_ubahu_udara_isieke_isieke_umunaka,2
anambra_ihiala_okija_ihitea_bu_ihite_isieke_ubahu_udara_isieke_isieke_umunaka_umuezereiwu,Umuezereiwu,anambra_ihiala_okija_ihitea_bu_ihite_isieke_ubahu_udara_isieke_isieke_umunaka,3
anambra_ihiala_okija_ihitea_bu_ihite_isieke_ubahu_udara_isieke_isieke_umuduru_durunzomiwu,Durunzomiwu,anambra_ihiala_okija_ihitea_bu_ihite_isieke_ubahu_udara_isieke_isieke_umuduru,1
anambra_ihiala_okija_ihitea_bu_ihite_isieke_ubahu_udara_isieke_isieke_umuduru_umudimbaji,Umudimbaji,anambra_ihiala_okija_ihitea_bu_ihite_isieke_ubahu_udara_isieke_isieke_umuduru,2
anambra_ihiala_okija_ihitea_bu_ihite_isieke_ubahu_udara_isieke_isieke_amaorie_amaorie,Amaorie,anambra_ihiala_okija_ihitea_bu_ihite_isieke_ubahu_udara_isieke_isieke_amaorie,1
anambra_ihiala_okija_ihitea_bu_ihite_isieke_ubahu_udara_ubahu_udara_ubahu_udara_umu_mogo_umuogbuehi,Umuogbuehi,anambra_ihiala_okija_ihitea_bu_ihite_isieke_ubahu_udara_ubahu_udara_ubahu_udara_umu_mogo,1
anambra_ihiala_okija_ihitea_bu_ihite_isieke_ubahu_udara_ubahu_udara_ubahu_udara_umu_mogo_umunzurumike,Umunzurumike,anambra_ihiala_okija_ihitea_bu_ihite_isieke_ubahu_udara_ubahu_udara_ubahu_udara_umu_mogo,2
anambra_ihiala_okija_ihitea_bu_ihite_isieke_ubahu_udara_ubahu_udara_ubahu_udara_umuojigwe_umuonyegaraeme,Umuonyegaraeme,anambra_ihiala_okija_ihitea_bu_ihite_isieke_ubahu_udara_ubahu_udara_ubahu_udara_umuojigwe,1
anambra_ihiala_okija_ihitea_bu_ihite_isieke_ubahu_udara_ubahu_udara_ubahu_udara_umuojigwe_umunkaagba,Umunkaagba,anambra_ihiala_okija_ihitea_bu_ihite_isieke_ubahu_udara_ubahu_udara_ubahu_udara_umuojigwe,2
anambra_ihiala_okija_ihitea_bu_ihite_isieke_ubahu_udara_ubahu_udara_ubahu_udara_umudurunonye_umu_ugochukwu,Umu - Ugochukwu,anambra_ihiala_okija_ihitea_bu_ihite_isieke_ubahu_udara_ubahu_udara_ubahu_udara_umudurunonye,1
anambra_ihiala_okija_ihitea_bu_ihite_isieke_ubahu_udara_ubahu_udara_ubahu_udara_umudurunonye_umuadinnu,Umuadinnu,anambra_ihiala_okija_ihitea_bu_ihite_isieke_ubahu_udara_ubahu_udara_ubahu_udara_umudurunonye,2
anambra_ihiala_okija_ihitea_bu_ihite_isieke_ubahu_udara_ubahu_udara_ubahu_udara_umuezeahize_umuabubogwu,Umuabubogwu,anambra_ihiala_okija_ihitea_bu_ihite_isieke_ubahu_udara_ubahu_udara_ubahu_udara_umuezeahize,1
anambra_ihiala_okija_ihitea_bu_ihite_isieke_ubahu_udara_ubahu_udara_ubahu_udara_umuezeahize_umuogbuagu,Umuogbuagu,anambra_ihiala_okija_ihitea_bu_ihite_isieke_ubahu_udara_ubahu_udara_ubahu_udara_umuezeahize,2
anambra_ihiala_okija_uhu0b0_na_uhuowelle_uhuowelle_oghalaegbu_umuezejiaku_umuezeriobi_umumadunato,Umumadunato,anambra_ihiala_okija_uhu0b0_na_uhuowelle_uhuowelle_oghalaegbu_umuezejiaku_umuezeriobi,1
anambra_ihiala_okija_uhu0b0_na_uhuowelle_uhuowelle_oghalaegbu_umuezejiaku_umuezeriobi_umuobiriuno,Umuobiriuno,anambra_ihiala_okija_uhu0b0_na_uhuowelle_uhuowelle_oghalaegbu_umuezejiaku_umuezeriobi,2
anambra_ihiala_okija_uhu0b0_na_uhuowelle_uhuowelle_oghalaegbu_umuezejiaku_umuezeriobi_umuorum,Umuorum,anambra_ihiala_okija_uhu0b0_na_uhuowelle_uhuowelle_oghalaegbu_umuezejiaku_umuezeriobi,3
anambra_ihiala_okija_uhu0b0_na_uhuowelle_uhuowelle_oghalaegbu_umuezejiaku_umuezeriobi_umuidiekebuo,Umuidiekebuo,anambra_ihiala_okija_uhu0b0_na_uhuowelle_uhuowelle_oghalaegbu_umuezejiaku_umuezeriobi,4
anambra_ihiala_okija_uhu0b0_na_uhuowelle_uhuowelle_oghalaegbu_umuezejiaku_umuezeihebiri_umuezenebighi,Umuezenebighi,anambra_ihiala_okija_uhu0b0_na_uhuowelle_uhuowelle_oghalaegbu_umuezejiaku_umuezeihebiri,1
anambra_ihiala_okija_uhu0b0_na_uhuowelle_uhuowelle_oghalaegbu_umuezejiaku_umuezeihebiri_umuobi,Umuobi,anambra_ihiala_okija_uhu0b0_na_uhuowelle_uhuowelle_oghalaegbu_umuezejiaku_umuezeihebiri,2
anambra_ihiala_okija_uhu0b0_na_uhuowelle_uhuowelle_oghalaegbu_umuezejiaku_umuezeihebiri_umuanamasonye,Umuanamasonye,anambra_ihiala_okija_uhu0b0_na_uhuowelle_uhuowelle_oghalaegbu_umuezejiaku_umuezeihebiri,3
anambra_ihiala_okija_uhu0b0_na_uhuowelle_uhuowelle_oghalaegbu_umunaforojoro_umuokparaizu_umuokpaizu,Umuokpaizu,anambra_ihiala_okija_uhu0b0_na_uhuowelle_uhuowelle_oghalaegbu_umunaforojoro_umuokparaizu,1
anambra_ihiala_okija_uhu0b0_na_uhuowelle_uhuowelle_oghalaegbu_umunaforojoro_umuokaraiwuanyi_umuokaraiwuanyi,Umuokaraiwuanyi,anambra_ihiala_okija_uhu0b0_na_uhuowelle_uhuowelle_oghalaegbu_umunaforojoro_umuokaraiwuanyi,1
anambra_ihiala_okija_uhu0b0_na_uhuowelle_uhuowelle_oghalaegbu_umuokparaezike_umujuokwu_umujiokwu,Umujiokwu,anambra_ihiala_okija_uhu0b0_na_uhuowelle_uhuowelle_oghalaegbu_umuokparaezike_umujuokwu,1
anambra_ihiala_okija_uhu0b0_na_uhuowelle_uhuowelle_oghalaegbu_umuokparaezike_umuokparadoro_umuokparadoro,Umuokparadoro,anambra_ihiala_okija_uhu0b0_na_uhuowelle_uhuowelle_oghalaegbu_umuokparaezike_umuokparadoro,1
anambra_ihiala_okija_uhu0b0_na_uhuowelle_uhuowelle_oghalaegbu_umuokparaezike_umummirika_umummirika,Umummirika,anambra_ihiala_okija_uhu0b0_na_uhuowelle_uhuowelle_oghalaegbu_umuokparaezike_umummirika,1
anambra_ihiala_okija_ubahua_bu_ubahu_ezinaukpodu_umuhu_umuezeana_umuemekwuru_umugochukwu,Umugochukwu,anambra_ihiala_okija_ubahua_bu_ubahu_ezinaukpodu_umuhu_umuezeana_umuemekwuru,1
anambra_ihiala_okija_uhu0b0_na_uhuowelle_uhuowelle_oghalaegbu_umuezeana_umuemekwuru_umugochukwu,Umugochukwu,anambra_ihiala_okija_uhu0b0_na_uhuowelle_uhuowelle_oghalaegbu_umuezeana_umuemekwuru,1
anambra_ihiala_okija_ubahua_bu_ubahu_ezinaukpodu_umuhu_umuezeana_umuemekwuru_umuosuchukwu,Umuosuchukwu,anambra_ihiala_okija_ubahua_bu_ubahu_ezinaukpodu_umuhu_umuezeana_umuemekwuru,2
anambra_ihiala_okija_uhu0b0_na_uhuowelle_uhuowelle_oghalaegbu_umuezeana_umuemekwuru_umuosuchukwu,Umuosuchukwu,anambra_ihiala_okija_uhu0b0_na_uhuowelle_uhuowelle_oghalaegbu_umuezeana_umuemekwuru,2
anambra_ihiala_okija_ubahua_bu_ubahu_ezinaukpodu_umuhu_umuezeana_umuemekwuru_umuosuagwu,Umuosuagwu,anambra_ihiala_okija_ubahua_bu_ubahu_ezinaukpodu_umuhu_umuezeana_umuemekwuru,3
anambra_ihiala_okija_uhu0b0_na_uhuowelle_uhuowelle_oghalaegbu_umuezeana_umuemekwuru_umuosuagwu,Umuosuagwu,anambra_ihiala_okija_uhu0b0_na_uhuowelle_uhuowelle_oghalaegbu_umuezeana_umuemekwuru,3
anambra_ihiala_okija_ubahua_bu_ubahu_ezinaukpodu_umuhu_umuezeana_umuemekwuru_umudeze,Umudeze,anambra_ihiala_okija_ubahua_bu_ubahu_ezinaukpodu_umuhu_umuezeana_umuemekwuru,4
anambra_ihiala_okija_uhu0b0_na_uhuowelle_uhuowelle_oghalaegbu_umuezeana_umuemekwuru_umudeze,Umudeze,anambra_ihiala_okija_uhu0b0_na_uhuowelle_uhuowelle_oghalaegbu_umuezeana_umuemekwuru,4
anambra_ihiala_okija_ubahua_bu_ubahu_ezinaukpodu_umuhu_umuezeana_umuemekwuru_umu_chukwunyereoke,Umu - Chukwunyereoke,anambra_ihiala_okija_ubahua_bu_ubahu_ezinaukpodu_umuhu_umuezeana_umuemekwuru,5
anambra_ihiala_okija_uhu0b0_na_uhuowelle_uhuowelle_oghalaegbu_umuezeana_umuemekwuru_umu_chukwunyereoke,Umu - Chukwunyereoke,anambra_ihiala_okija_uhu0b0_na_uhuowelle_uhuowelle_oghalaegbu_umuezeana_umuemekwuru,5
anambra_ihiala_okija_uhu0b0_na_uhuowelle_uhuowelle_oghalaegbu_umuodumonu_umunwoji_umunwoji,Umunwoji,anambra_ihiala_okija_uhu0b0_na_uhuowelle_uhuowelle_oghalaegbu_umuodumonu_umunwoji,1
anambra_ihiala_okija_ubahua_bu_ubahu_ezinaukpodu_umuhu_umuezeana_umunwoji_umunwoji,Umunwoji,anambra_ihiala_okija_ubahua_bu_ubahu_ezinaukpodu_umuhu_umuezeana_umunwoji,1
anambra_ihiala_okija_uhu0b0_na_uhuowelle_uhuowelle_oghalaegbu_umuezeana_umunwoji_umunwoji,Umunwoji,anambra_ihiala_okija_uhu0b0_na_uhuowelle_uhuowelle_oghalaegbu_umuezeana_umunwoji,1
anambra_ihiala_okija_uhu0b0_na_uhuowelle_uhuowelle_oghalaegbu_umuodumonu_umunwoji_umunwoji,Umunwoji,anambra_ihiala_okija_uhu0b0_na_uhuowelle_uhuowelle_oghalaegbu_umuodumonu_umunwoji,2
anambra_ihiala_okija_ubahua_bu_ubahu_ezinaukpodu_umuhu_umuezeana_umunwoji_umunwoji,Umunwoji,anambra_ihiala_okija_ubahua_bu_ubahu_ezinaukpodu_umuhu_umuezeana_umunwoji,2
anambra_ihiala_okija_uhu0b0_na_uhuowelle_uhuowelle_oghalaegbu_umuezeana_umunwoji_umunwoji,Umunwoji,anambra_ihiala_okija_uhu0b0_na_uhuowelle_uhuowelle_oghalaegbu_umuezeana_umunwoji,2
anambra_ihiala_okija_ubahua_bu_ubahu_ezinaukpodu_umuhu_umuezeana_umu_abanihi_umu_nwabuogaranya,Umu - Nwabuogaranya,anambra_ihiala_okija_ubahua_bu_ubahu_ezinaukpodu_umuhu_umuezeana_umu_abanihi,1
anambra_ihiala_okija_uhu0b0_na_uhuowelle_uhuowelle_oghalaegbu_umuezeana_umu_abanihi_umu_nwabuogaranya,Umu - Nwabuogaranya,anambra_ihiala_okija_uhu0b0_na_uhuowelle_uhuowelle_oghalaegbu_umuezeana_umu_abanihi,1
anambra_ihiala_okija_ubahua_bu_ubahu_ezinaukpodu_umuhu_umuezeana_umu_abanihi_umj_chukwuemeka,Umj - Chukwuemeka,anambra_ihiala_okija_ubahua_bu_ubahu_ezinaukpodu_umuhu_umuezeana_umu_abanihi,2
anambra_ihiala_okija_uhu0b0_na_uhuowelle_uhuowelle_oghalaegbu_umuezeana_umu_abanihi_umj_chukwuemeka,Umj - Chukwuemeka,anambra_ihiala_okija_uhu0b0_na_uhuowelle_uhuowelle_oghalaegbu_umuezeana_umu_abanihi,2
anambra_ihiala_okija_ubahua_bu_ubahu_ezinaukpodu_umuhu_umuezeana_umu_ihi_umu_ihi,Umu - Ihi,anambra_ihiala_okija_ubahua_bu_ubahu_ezinaukpodu_umuhu_umuezeana_umu_ihi,1
anambra_ihiala_okija_uhu0b0_na_uhuowelle_uhuowelle_oghalaegbu_umuezeana_umu_ihi_umu_ihi,Umu - Ihi,anambra_ihiala_okija_uhu0b0_na_uhuowelle_uhuowelle_oghalaegbu_umuezeana_umu_ihi,1
anambra_ihiala_okija_ubahua_bu_ubahu_ezinaukpodu_umuhu_umuezeana_umu_agbagosim_umu_agbagosim,Umu - Agbagosim,anambra_ihiala_okija_ubahua_bu_ubahu_ezinaukpodu_umuhu_umuezeana_umu_agbagosim,1
anambra_ihiala_okija_uhu0b0_na_uhuowelle_uhuowelle_oghalaegbu_umuezeana_umu_agbagosim_umu_agbagosim,Umu - Agbagosim,anambra_ihiala_okija_uhu0b0_na_uhuowelle_uhuowelle_oghalaegbu_umuezeana_umu_agbagosim,1
anambra_ihiala_okija_ubahua_bu_ubahu_ezinaukpodu_umuhu_umuezeana_nwokereobi_ikegwuonu_umu_ikenwoke,Umu - Ikenwoke,anambra_ihiala_okija_ubahua_bu_ubahu_ezinaukpodu_umuhu_umuezeana_nwokereobi_ikegwuonu,1
anambra_ihiala_okija_uhu0b0_na_uhuowelle_uhuowelle_oghalaegbu_umuezeana_nwokereobi_ikegwuonu_umu_ikenwoke,Umu - Ikenwoke,anambra_ihiala_okija_uhu0b0_na_uhuowelle_uhuowelle_oghalaegbu_umuezeana_nwokereobi_ikegwuonu,1
anambra_ihiala_okija_ubahua_bu_ubahu_ezinaukpodu_umuhu_umuezeana_nwokereobi_ikegwuonu_umu_mnegwa,Umu - Mnegwa,anambra_ihiala_okija_ubahua_bu_ubahu_ezinaukpodu_umuhu_umuezeana_nwokereobi_ikegwuonu,2
anambra_ihiala_okija_uhu0b0_na_uhuowelle_uhuowelle_oghalaegbu_umuezeana_nwokereobi_ikegwuonu_umu_mnegwa,Umu - Mnegwa,anambra_ihiala_okija_uhu0b0_na_uhuowelle_uhuowelle_oghalaegbu_umuezeana_nwokereobi_ikegwuonu,2
anambra_ihiala_okija_uhu0b0_na_uhuowelle_uhuowelle_umuogu_umuogu_umuakwa_umuakwa,Umuakwa,anambra_ihiala_okija_uhu0b0_na_uhuowelle_uhuowelle_umuogu_umuogu_umuakwa,1
anambra_ihiala_okija_uhu0b0_na_uhuowelle_uhuowelle_umuogu_umuogu_umuigwe_umuokparadibe,Umuokparadibe,anambra_ihiala_okija_uhu0b0_na_uhuowelle_uhuowelle_umuogu_umuogu_umuigwe,1
anambra_ihiala_okija_uhu0b0_na_uhuowelle_uhuowelle_umuogu_umuogu_umuigwe_umuechefu,Umuechefu,anambra_ihiala_okija_uhu0b0_na_uhuowelle_uhuowelle_umuogu_umuogu_umuigwe,2
anambra_ihiala_okija_uhu0b0_na_uhuowelle_uhuowelle_umuogu_umuogu_umunzerendu_umunzerendu,Umunzerendu,anambra_ihiala_okija_uhu0b0_na_uhuowelle_uhuowelle_umuogu_umuogu_umunzerendu,1
anambra_ihiala_okija_uhu0b0_na_uhuowelle_uhuowelle_umuogu_umuogu_umuanum_ezeana_iheanaekwe,Ezeana/Iheanaekwe,anambra_ihiala_okija_uhu0b0_na_uhuowelle_uhuowelle_umuogu_umuogu_umuanum,1
anambra_ihiala_okija_uhu0b0_na_uhuowelle_uhuowelle_umuogu_umuogu_umuanum_etitogu,Etitogu,anambra_ihiala_okija_uhu0b0_na_uhuowelle_uhuowelle_umuogu_umuogu_umuanum,2
anambra_ihiala_okija_uhu0b0_na_uhuowelle_uhuowelle_umuogu_umuogu_umuanum_umundogulu,Umundogulu,anambra_ihiala_okija_uhu0b0_na_uhuowelle_uhuowelle_umuogu_umuogu_umuanum,3
anambra_ihiala_okija_uhu0b0_na_uhuowelle_uhuowelle_umuogu_umuogu_umuike_umuike,Umuike,anambra_ihiala_okija_uhu0b0_na_uhuowelle_uhuowelle_umuogu_umuogu_umuike,1
anambra_ihiala_okija_uhu0b0_na_uhuowelle_uhuowelle_umuogu_umuogu_umuezeanagu_mkpikaogu,Mkpikaogu,anambra_ihiala_okija_uhu0b0_na_uhuowelle_uhuowelle_umuogu_umuogu_umuezeanagu,1
anambra_ihiala_okija_uhu0b0_na_uhuowelle_uhuowelle_umuogu_umuogu_umuezeanagu_umulenze,Umulenze,anambra_ihiala_okija_uhu0b0_na_uhuowelle_uhuowelle_umuogu_umuogu_umuezeanagu,2
anambra_ihiala_okija_uhu0b0_na_uhuowelle_uhuowelle_umuogu_umuogu_umuokparasoagu_umuakparasoagu,Umuakparasoagu,anambra_ihiala_okija_uhu0b0_na_uhuowelle_uhuowelle_umuogu_umuogu_umuokparasoagu,1
anambra_ihiala_okija_uhu0b0_na_uhuowelle_uhuowelle_umuogu_umuogu_umuokparasoagu_umu_mbaji,Umu - Mbaji,anambra_ihiala_okija_uhu0b0_na_uhuowelle_uhuowelle_umuogu_umuogu_umuokparasoagu,2
anambra_ihiala_okija_uhu0b0_na_uhuowelle_uhuowelle_umuogu_umuogu_umuokparasoagu_umu_idi_owelle,Umu - Idi - Owelle,anambra_ihiala_okija_uhu0b0_na_uhuowelle_uhuowelle_umuogu_umuogu_umuokparasoagu,3
anambra_ihiala_okija_uhu0b0_na_uhuowelle_uhuowelle_umuogu_umuogu_umuokparasoagu_umuodogwu_udenwayi,Umuodogwu Udenwayi,anambra_ihiala_okija_uhu0b0_na_uhuowelle_uhuowelle_umuogu_umuogu_umuokparasoagu,4
anambra_ihiala_okija_uhu0b0_na_uhuowelle_uhuowelle_umuogu_umuogu_umuokparasoagu_umu_okereke,Umu Okereke,anambra_ihiala_okija_uhu0b0_na_uhuowelle_uhuowelle_umuogu_umuogu_umuokparasoagu,5
anambra_ihiala_okija_uhu0b0_na_uhuowelle_uhuowelle_umuogu_umuogu_umu_ile_kporochu_umu_umukporochu,Umu - Umukporochu,anambra_ihiala_okija_uhu0b0_na_uhuowelle_uhuowelle_umuogu_umuogu_umu_ile_kporochu,1
anambra_ihiala_okija_uhu0b0_na_uhuowelle_uhuowelle_umuogu_umuogu_awobi_odogwu_awobi_odogwu,Awobi Odogwu,anambra_ihiala_okija_uhu0b0_na_uhuowelle_uhuowelle_umuogu_umuogu_awobi_odogwu,1
anambra_ihiala_okija_uhu0b0_na_uhuowelle_umuatuegwu_uhudim_ohukabia_umuatuegwu_nzere_ezikeokwunara_iwenwanne,Iwenwanne,anambra_ihiala_okija_uhu0b0_na_uhuowelle_umuatuegwu_uhudim_ohukabia_umuatuegwu_nzere_ezikeokwunara,1
anambra_ihiala_okija_uhu0b0_na_uhuowelle_umuatuegwu_uhudim_ohukabia_umuatuegwu_nzere_ezikeokwunara_anyanmane,Anyanmane,anambra_ihiala_okija_uhu0b0_na_uhuowelle_umuatuegwu_uhudim_ohukabia_umuatuegwu_nzere_ezikeokwunara,2
anambra_ihiala_okija_uhu0b0_na_uhuowelle_umuatuegwu_uhudim_ohukabia_umuatuegwu_nzere_ezikeokwunara_ukwamebena,Ukwamebena,anambra_ihiala_okija_uhu0b0_na_uhuowelle_umuatuegwu_uhudim_ohukabia_umuatuegwu_nzere_ezikeokwunara,3
anambra_ihiala_okija_uhu0b0_na_uhuowelle_umuatuegwu_uhudim_ohukabia_umuatuegwu_nzere_ezikeokwunara_umuezenamba,Umuezenamba,anambra_ihiala_okija_uhu0b0_na_uhuowelle_umuatuegwu_uhudim_ohukabia_umuatuegwu_nzere_ezikeokwunara,4
anambra_ihiala_okija_uhu0b0_na_uhuowelle_umuatuegwu_uhudim_ohukabia_umuatuegwu_nzere_umuidinwadiugwu_ezikeonukposi,Ezikeonukposi,anambra_ihiala_okija_uhu0b0_na_uhuowelle_umuatuegwu_uhudim_ohukabia_umuatuegwu_nzere_umuidinwadiugwu,1
anambra_ihiala_okija_uhu0b0_na_uhuowelle_umuatuegwu_uhudim_ohukabia_umuatuegwu_nzere_umuidinwadiugwu_udodimma,Udodimma,anambra_ihiala_okija_uhu0b0_na_uhuowelle_umuatuegwu_uhudim_ohukabia_umuatuegwu_nzere_umuidinwadiugwu,2
anambra_ihiala_okija_uhu0b0_na_uhuowelle_umuatuegwu_uhudim_ohukabia_umuatuegwu_nzere_umuidinwadiugwu_ekwuluetiti,Ekwuluetiti,anambra_ihiala_okija_uhu0b0_na_uhuowelle_umuatuegwu_uhudim_ohukabia_umuatuegwu_nzere_umuidinwadiugwu,3
anambra_ihiala_okija_uhu0b0_na_uhuowelle_umuatuegwu_uhudim_ohukabia_umuatuegwu_nzere_umuidinwadiugwu_umuilonwaji,Umuilonwaji,anambra_ihiala_okija_uhu0b0_na_uhuowelle_umuatuegwu_uhudim_ohukabia_umuatuegwu_nzere_umuidinwadiugwu,4
anambra_ihiala_okija_uhu0b0_na_uhuowelle_umuatuegwu_uhudim_ohukabia_umuatuegwu_nzere_umuidinwadiugwu_umuezeokoronkwo,Umuezeokoronkwo,anambra_ihiala_okija_uhu0b0_na_uhuowelle_umuatuegwu_uhudim_ohukabia_umuatuegwu_nzere_umuidinwadiugwu,5
anambra_ihiala_okija_uhu0b0_na_uhuowelle_umuatuegwu_uhudim_ohukabia_umuatuegwu_nzere_ezikegesi_ezikegesi,Ezikegesi,anambra_ihiala_okija_uhu0b0_na_uhuowelle_umuatuegwu_uhudim_ohukabia_umuatuegwu_nzere_ezikegesi,1
anambra_ihiala_okija_uhu0b0_na_uhuowelle_umuatuegwu_uhudim_ohukabia_umuatuegwu_nzere_ezikeodinaka_umuobiajulu,Umuobiajulu,anambra_ihiala_okija_uhu0b0_na_uhuowelle_umuatuegwu_uhudim_ohukabia_umuatuegwu_nzere_ezikeodinaka,1
anambra_ihiala_okija_uhu0b0_na_uhuowelle_umuatuegwu_uhudim_ohukabia_umuatuegwu_ezeobi_ezikeodinaka_umuobiajulu,Umuobiajulu,anambra_ihiala_okija_uhu0b0_na_uhuowelle_umuatuegwu_uhudim_ohukabia_umuatuegwu_ezeobi_ezikeodinaka,1
anambra_ihiala_okija_uhu0b0_na_uhuowelle_umuatuegwu_uhudim_ohukabia_umuatuegwu_nzere_ezikeodinaka_umuobiefuna,Umuobiefuna,anambra_ihiala_okija_uhu0b0_na_uhuowelle_umuatuegwu_uhudim_ohukabia_umuatuegwu_nzere_ezikeodinaka,2
anambra_ihiala_okija_uhu0b0_na_uhuowelle_umuatuegwu_uhudim_ohukabia_umuatuegwu_ezeobi_ezikeodinaka_umuobiefuna,Umuobiefuna,anambra_ihiala_okija_uhu0b0_na_uhuowelle_umuatuegwu_uhudim_ohukabia_umuatuegwu_ezeobi_ezikeodinaka,2
anambra_ihiala_okija_uhu0b0_na_uhuowelle_umuatuegwu_uhudim_ohukabia_umuatuegwu_nzere_ezikeodinaka_umuanyaoku,Umuanyaoku,anambra_ihiala_okija_uhu0b0_na_uhuowelle_umuatuegwu_uhudim_ohukabia_umuatuegwu_nzere_ezikeodinaka,3
anambra_ihiala_okija_uhu0b0_na_uhuowelle_umuatuegwu_uhudim_ohukabia_umuatuegwu_ezeobi_ezikeodinaka_umuanyaoku,Umuanyaoku,anambra_ihiala_okija_uhu0b0_na_uhuowelle_umuatuegwu_uhudim_ohukabia_umuatuegwu_ezeobi_ezikeodinaka,3
anambra_ihiala_okija_uhu0b0_na_uhuowelle_umuatuegwu_uhudim_ohukabia_umuatuegwu_nzere_ezikeodinaka_umuezikeagwo,Umuezikeagwo,anambra_ihiala_okija_uhu0b0_na_uhuowelle_umuatuegwu_uhudim_ohukabia_umuatuegwu_nzere_ezikeodinaka,4
anambra_ihiala_okija_uhu0b0_na_uhuowelle_umuatuegwu_uhudim_ohukabia_umuatuegwu_ezeobi_ezikeodinaka_umuezikeagwo,Umuezikeagwo,anambra_ihiala_okija_uhu0b0_na_uhuowelle_umuatuegwu_uhudim_ohukabia_umuatuegwu_ezeobi_ezikeodinaka,4
anambra_ihiala_okija_uhu0b0_na_uhuowelle_umuatuegwu_uhudim_ohukabia_umuatuegwu_nzere_ezikeodinaka_umuezeihedum,Umuezeihedum,anambra_ihiala_okija_uhu0b0_na_uhuowelle_umuatuegwu_uhudim_ohukabia_umuatuegwu_nzere_ezikeodinaka,5
anambra_ihiala_okija_uhu0b0_na_uhuowelle_umuatuegwu_uhudim_ohukabia_umuatuegwu_ezeobi_ezikeodinaka_umuezeihedum,Umuezeihedum,anambra_ihiala_okija_uhu0b0_na_uhuowelle_umuatuegwu_uhudim_ohukabia_umuatuegwu_ezeobi_ezikeodinaka,5
anambra_ihiala_okija_uhu0b0_na_uhuowelle_umuatuegwu_uhudim_ohukabia_umuatuegwu_ezeobi_umuezelimpi_umuonyeche,Umuonyeche,anambra_ihiala_okija_uhu0b0_na_uhuowelle_umuatuegwu_uhudim_ohukabia_umuatuegwu_ezeobi_umuezelimpi,1
anambra_ihiala_okija_uhu0b0_na_uhuowelle_umuatuegwu_uhudim_ohukabia_umuatuegwu_ezeobi_umuezelimpi_umuigiligiaku,Umuigiligiaku,anambra_ihiala_okija_uhu0b0_na_uhuowelle_umuatuegwu_uhudim_ohukabia_umuatuegwu_ezeobi_umuezelimpi,2
anambra_ihiala_okija_uhu0b0_na_uhuowelle_umuatuegwu_uhudim_ohukabia_umuatuegwu_ezeobi_umuezelimpi_umumbajiaku,Umumbajiaku,anambra_ihiala_okija_uhu0b0_na_uhuowelle_umuatuegwu_uhudim_ohukabia_umuatuegwu_ezeobi_umuezelimpi,3
anambra_ihiala_okija_uhu0b0_na_uhuowelle_umuatuegwu_uhudim_ohukabia_umuatuegwu_ezeobi_umuezelimpi_umuihebunike,Umuihebunike,anambra_ihiala_okija_uhu0b0_na_uhuowelle_umuatuegwu_uhudim_ohukabia_umuatuegwu_ezeobi_umuezelimpi,4
anambra_ihiala_okija_uhu0b0_na_uhuowelle_umuatuegwu_uhudim_ohukabia_umuatuegwu_ezeobi_umuezeahuno_ezike,Ezike,anambra_ihiala_okija_uhu0b0_na_uhuowelle_umuatuegwu_uhudim_ohukabia_umuatuegwu_ezeobi_umuezeahuno,1
anambra_ihiala_okija_uhu0b0_na_uhuowelle_umuatuegwu_uhudim_ohukabia_umuatuegwu_ezeobi_umuezeahuno_anurugo,Anurugo,anambra_ihiala_okija_uhu0b0_na_uhuowelle_umuatuegwu_uhudim_ohukabia_umuatuegwu_ezeobi_umuezeahuno,2
anambra_ihiala_okija_uhu0b0_na_uhuowelle_umuatuegwu_uhudim_ohukabia_umuatuegwu_ezeobi_umuezeuku_umuzobi,Umuzobi,anambra_ihiala_okija_uhu0b0_na_uhuowelle_umuatuegwu_uhudim_ohukabia_umuatuegwu_ezeobi_umuezeuku,1
anambra_ihiala_okija_uhu0b0_na_uhuowelle_umuatuegwu_uhudim_ohukabia_umuatuegwu_ezeobi_umuezeuku_iumuobodoagwu,Iumuobodoagwu,anambra_ihiala_okija_uhu0b0_na_uhuowelle_umuatuegwu_uhudim_ohukabia_umuatuegwu_ezeobi_umuezeuku,2
anambra_ihiala_okija_uhu0b0_na_uhuowelle_umuatuegwu_uhudim_ohukabia_umuatuegwu_ezeobi_ezikepaji_akuba,Akuba,anambra_ihiala_okija_uhu0b0_na_uhuowelle_umuatuegwu_uhudim_ohukabia_umuatuegwu_ezeobi_ezikepaji,1
anambra_ihiala_okija_uhu0b0_na_uhuowelle_umuatuegwu_uhudim_ohukabia_umuatuegwu_ezeobi_ezikepaji_okuohia,Okuohia,anambra_ihiala_okija_uhu0b0_na_uhuowelle_umuatuegwu_uhudim_ohukabia_umuatuegwu_ezeobi_ezikepaji,2
anambra_ihiala_okija_uhu0b0_na_uhuowelle_umuatuegwu_uhudim_ohukabia_uhudim_uhudim_dim_muogo_ihiesogbo,Ihiesogbo,anambra_ihiala_okija_uhu0b0_na_uhuowelle_umuatuegwu_uhudim_ohukabia_uhudim_uhudim_dim_muogo,1
anambra_ihiala_okija_uhu0b0_na_uhuowelle_umuatuegwu_uhudim_ohukabia_uhudim_uhudim_dim_muogo_odinaka,Odinaka,anambra_ihiala_okija_uhu0b0_na_uhuowelle_umuatuegwu_uhudim_ohukabia_uhudim_uhudim_dim_muogo,2
anambra_ihiala_okija_uhu0b0_na_uhuowelle_umuatuegwu_uhudim_ohukabia_uhudim_uhudim_dim_onyebiukwu_umuokoye,Umuokoye,anambra_ihiala_okija_uhu0b0_na_uhuowelle_umuatuegwu_uhudim_ohukabia_uhudim_uhudim_dim_onyebiukwu,1
anambra_ihiala_okija_uhu0b0_na_uhuowelle_umuatuegwu_uhudim_ohukabia_uhudim_uhudim_dim_onyebiukwu_umumadueke,Umumadueke,anambra_ihiala_okija_uhu0b0_na_uhuowelle_umuatuegwu_uhudim_ohukabia_uhudim_uhudim_dim_onyebiukwu,2
anambra_ihiala_okija_uhu0b0_na_uhuowelle_umuatuegwu_uhudim_ohukabia_uhudim_uhudim_dim_ikenyerem_umuonukwuru,Umuonukwuru,anambra_ihiala_okija_uhu0b0_na_uhuowelle_umuatuegwu_uhudim_ohukabia_uhudim_uhudim_dim_ikenyerem,1
anambra_ihiala_okija_uhu0b0_na_uhuowelle_umuatuegwu_uhudim_ohukabia_uhudim_uhudim_dim_chijiuba_umuihekaigbo,Umuihekaigbo,anambra_ihiala_okija_uhu0b0_na_uhuowelle_umuatuegwu_uhudim_ohukabia_uhudim_uhudim_dim_chijiuba,1
anambra_ihiala_okija_uhu0b0_na_uhuowelle_umuatuegwu_uhudim_ohukabia_uhudim_uhudim_dim_chijiuba_umuokemadu,Umuokemadu,anambra_ihiala_okija_uhu0b0_na_uhuowelle_umuatuegwu_uhudim_ohukabia_uhudim_uhudim_dim_chijiuba,2
anambra_ihiala_okija_uhu0b0_na_uhuowelle_umuatuegwu_uhudim_ohukabia_uhudim_uhudim_dim_ezeutogu_umuobidione,Umuobidione,anambra_ihiala_okija_uhu0b0_na_uhuowelle_umuatuegwu_uhudim_ohukabia_uhudim_uhudim_dim_ezeutogu,1
anambra_ihiala_okija_uhu0b0_na_uhuowelle_umuatuegwu_uhudim_ohukabia_uhudim_uhudim_dim_ezeutogu_umuchukwube,Umuchukwube,anambra_ihiala_okija_uhu0b0_na_uhuowelle_umuatuegwu_uhudim_ohukabia_uhudim_uhudim_dim_ezeutogu,2
anambra_ihiala_okija_uhu0b0_na_uhuowelle_umuatuegwu_uhudim_ohukabia_0hukabia_0hukabia_umuajuruonwu_umuogunede,Umuogunede,anambra_ihiala_okija_uhu0b0_na_uhuowelle_umuatuegwu_uhudim_ohukabia_0hukabia_0hukabia_umuajuruonwu,1
anambra_ihiala_okija_uhu0b0_na_uhuowelle_umuatuegwu_uhudim_ohukabia_0hukabia_0hukabia_umuajuruonwu_umuohanehi,Umuohanehi,anambra_ihiala_okija_uhu0b0_na_uhuowelle_umuatuegwu_uhudim_ohukabia_0hukabia_0hukabia_umuajuruonwu,2
anambra_ihiala_okija_uhu0b0_na_uhuowelle_umuatuegwu_uhudim_ohukabia_0hukabia_0hukabia_umuajuruonwu_umuanyamene,Umuanyamene,anambra_ihiala_okija_uhu0b0_na_uhuowelle_umuatuegwu_uhudim_ohukabia_0hukabia_0hukabia_umuajuruonwu,3
anambra_ihiala_okija_uhu0b0_na_uhuowelle_umuatuegwu_uhudim_ohukabia_0hukabia_0hukabia_umuajuruonwu_umuobimeje,Umuobimeje,anambra_ihiala_okija_uhu0b0_na_uhuowelle_umuatuegwu_uhudim_ohukabia_0hukabia_0hukabia_umuajuruonwu,4
anambra_ihiala_okija_uhu0b0_na_uhuowelle_umuatuegwu_uhudim_ohukabia_0hukabia_0hukabia_umuezike_okehi_umunnosike,Umunnosike,anambra_ihiala_okija_uhu0b0_na_uhuowelle_umuatuegwu_uhudim_ohukabia_0hukabia_0hukabia_umuezike_okehi,1
anambra_ihiala_okija_uhu0b0_na_uhuowelle_umuatuegwu_uhudim_ohukabia_0hukabia_0hukabia_umuezike_okehi_umuezeonu,Umuezeonu,anambra_ihiala_okija_uhu0b0_na_uhuowelle_umuatuegwu_uhudim_ohukabia_0hukabia_0hukabia_umuezike_okehi,2
anambra_ihiala_okija_uhu0b0_na_uhuowelle_umuatuegwu_uhudim_ohukabia_0hukabia_0hukabia_umuezike_okehi_umuanasiudu,Umuanasiudu,anambra_ihiala_okija_uhu0b0_na_uhuowelle_umuatuegwu_uhudim_ohukabia_0hukabia_0hukabia_umuezike_okehi,3
anambra_ihiala_okija_uhu0b0_na_uhuowelle_umuatuegwu_uhudim_ohukabia_0hukabia_0hukabia_umuohubuike_umuezeribe,Umuezeribe,anambra_ihiala_okija_uhu0b0_na_uhuowelle_umuatuegwu_uhudim_ohukabia_0hukabia_0hukabia_umuohubuike,1
anambra_ihiala_okija_uhu0b0_na_uhuowelle_umuatuegwu_uhudim_ohukabia_0hukabia_0hukabia_umuohubuike_umuigboka_enyi,Umuigboka Enyi,anambra_ihiala_okija_uhu0b0_na_uhuowelle_umuatuegwu_uhudim_ohukabia_0hukabia_0hukabia_umuohubuike,2
anambra_ihiala_okija_uhu0b0_na_uhuowelle_umuatuegwu_uhudim_ohukabia_0hukabia_0hukabia_umuohubuike_umuonuzuruike,Umuonuzuruike,anambra_ihiala_okija_uhu0b0_na_uhuowelle_umuatuegwu_uhudim_ohukabia_0hukabia_0hukabia_umuohubuike,3
anambra_ihiala_okija_uhu0b0_na_uhuowelle_umuatuegwu_uhudim_ohukabia_0hukabia_0hukabia_umunnadi_umuewulike,Umuewulike,anambra_ihiala_okija_uhu0b0_na_uhuowelle_umuatuegwu_uhudim_ohukabia_0hukabia_0hukabia_umunnadi,1
anambra_ihiala_okija_uhu0b0_na_uhuowelle_umuatuegwu_uhudim_ohukabia_0hukabia_0hukabia_umunnadi_umuorjiakor,Umuorjiakor,anambra_ihiala_okija_uhu0b0_na_uhuowelle_umuatuegwu_uhudim_ohukabia_0hukabia_0hukabia_umunnadi,2
anambra_ihiala_okija_uhu0b0_na_uhuowelle_ofor_na_ngwu_umuofor_akoba_umuofor_akoba_umuokpala_umuezeafuru,Umuezeafuru,anambra_ihiala_okija_uhu0b0_na_uhuowelle_ofor_na_ngwu_umuofor_akoba_umuofor_akoba_umuokpala,1
anambra_ihiala_okija_uhu0b0_na_uhuowelle_ofor_na_ngwu_umuofor_akoba_umuofor_akoba_umuokpala_umumbaji,Umumbaji,anambra_ihiala_okija_uhu0b0_na_uhuowelle_ofor_na_ngwu_umuofor_akoba_umuofor_akoba_umuokpala,2
anambra_ihiala_okija_uhu0b0_na_uhuowelle_ofor_na_ngwu_umuofor_akoba_umuofor_akoba_ezike_ikuegbu_umuezike_owelle,Umuezike Owelle,anambra_ihiala_okija_uhu0b0_na_uhuowelle_ofor_na_ngwu_umuofor_akoba_umuofor_akoba_ezike_ikuegbu,1
anambra_ihiala_okija_uhu0b0_na_uhuowelle_ofor_na_ngwu_umuofor_akoba_umuofor_akoba_ezike_ikuegbu_umuezenwa,Umuezenwa,anambra_ihiala_okija_uhu0b0_na_uhuowelle_ofor_na_ngwu_umuofor_akoba_umuofor_akoba_ezike_ikuegbu,2
anambra_ihiala_okija_uhu0b0_na_uhuowelle_ofor_na_ngwu_umuofor_akoba_umuofor_akoba_ezike_ikuegbu_umuezennabi,Umuezennabi,anambra_ihiala_okija_uhu0b0_na_uhuowelle_ofor_na_ngwu_umuofor_akoba_umuofor_akoba_ezike_ikuegbu,3
anambra_ihiala_okija_uhu0b0_na_uhuowelle_ofor_na_ngwu_uhungwu_uhungwu_umuilonwa_umuanasigwe,Umuanasigwe,anambra_ihiala_okija_uhu0b0_na_uhuowelle_ofor_na_ngwu_uhungwu_uhungwu_umuilonwa,1
anambra_ihiala_okija_uhu0b0_na_uhuowelle_ofor_na_ngwu_uhungwu_uhungwu_umuilonwau_umuokpori,Umuokpori,anambra_ihiala_okija_uhu0b0_na_uhuowelle_ofor_na_ngwu_uhungwu_uhungwu_umuilonwau,1
anambra_ihiala_okija_uhu0b0_na_uhuowelle_ofor_na_ngwu_uhungwu_uhungwu_umuonyebuikwu_umuonyebuikwu,Umuonyebuikwu,anambra_ihiala_okija_uhu0b0_na_uhuowelle_ofor_na_ngwu_uhungwu_uhungwu_umuonyebuikwu,1
anambra_ihiala_okija_uhu0b0_na_uhuowelle_ofor_na_ngwu_uhungwu_uhungwu_umuidiokwu_umuonwubuara,Umuonwubuara,anambra_ihiala_okija_uhu0b0_na_uhuowelle_ofor_na_ngwu_uhungwu_uhungwu_umuidiokwu,1
anambra_ihiala_okija_uhu0b0_na_uhuowelle_ofor_na_ngwu_uhungwu_uhungwu_umuidiokwu_umuazubuike,Umuazubuike,anambra_ihiala_okija_uhu0b0_na_uhuowelle_ofor_na_ngwu_uhungwu_uhungwu_umuidiokwu,2
anambra_ihiala_okija_uhu0b0_na_uhuowelle_ofor_na_ngwu_uhungwu_uhungwu_umuezemma_umuobiamaukwu,Umuobiamaukwu,anambra_ihiala_okija_uhu0b0_na_uhuowelle_ofor_na_ngwu_uhungwu_uhungwu_umuezemma,1
anambra_ihiala_okija_uhu0b0_na_uhuowelle_ofor_na_ngwu_uhungwu_uhungwu_umuezemma_umuonwueme,Umuonwueme,anambra_ihiala_okija_uhu0b0_na_uhuowelle_ofor_na_ngwu_uhungwu_uhungwu_umuezemma,2
anambra_ihiala_okija_uhu0b0_na_uhuowelle_ofor_na_ngwu_uhungwu_uhungwu_umuezemma_umummadunatu,Umummadunatu,anambra_ihiala_okija_uhu0b0_na_uhuowelle_ofor_na_ngwu_uhungwu_uhungwu_umuezemma,3
anambra_ihiala_okija_uhu0b0_na_uhuowelle_ofor_na_ngwu_uhungwu_uhungwu_umuezemma_umummadubuiyim,Umummadubuiyim,anambra_ihiala_okija_uhu0b0_na_uhuowelle_ofor_na_ngwu_uhungwu_uhungwu_umuezemma,4
anambra_ihiala_okija_ubahua_bu_ubahu_ubahu_ubahu_uduru_umuezedam_ndiezike_ndiezike,Ndiezike,anambra_ihiala_okija_ubahua_bu_ubahu_ubahu_ubahu_uduru_umuezedam_ndiezike,5
anambra_ihiala_okija_uhu0b0_na_uhuowelle_ofor_na_ngwu_uhungwu_uhungwu_ndiezike_ndiezike,Ndiezike,anambra_ihiala_okija_uhu0b0_na_uhuowelle_ofor_na_ngwu_uhungwu_uhungwu_ndiezike,5
anambra_ihiala_okija_uhu0b0_na_uhuowelle_ofor_na_ngwu_uhungwu_uhungwu_umuubakanwa_umuubakanwa,Umuubakanwa,anambra_ihiala_okija_uhu0b0_na_uhuowelle_ofor_na_ngwu_uhungwu_uhungwu_umuubakanwa,1
anambra_ihiala_okija_uhu0b0_na_uhuowelle_ofor_na_ngwu_ezewulum_ezewulum_umu_ndiodiri_umu_ndiodiri,Umu Ndiodiri,anambra_ihiala_okija_uhu0b0_na_uhuowelle_ofor_na_ngwu_ezewulum_ezewulum_umu_ndiodiri,1
anambra_ihiala_okija_uhu0b0_na_uhuowelle_ofor_na_ngwu_ezewulum_ezewulum_umu_obanagwu_umu_obanagwu,Umu Obanagwu,anambra_ihiala_okija_uhu0b0_na_uhuowelle_ofor_na_ngwu_ezewulum_ezewulum_umu_obanagwu,1
anambra_ihiala_okija_uhu0b0_na_uhuowelle_ofor_na_ngwu_ezewulum_ezewulum_umueze_aboro_umu_ezikeagu,Umu Ezikeagu,anambra_ihiala_okija_uhu0b0_na_uhuowelle_ofor_na_ngwu_ezewulum_ezewulum_umueze_aboro,1
anambra_ihiala_okija_uhu0b0_na_uhuowelle_ofor_na_ngwu_ezewulum_ezewulum_umueze_aboro_umu_umerenwa,Umu Umerenwa,anambra_ihiala_okija_uhu0b0_na_uhuowelle_ofor_na_ngwu_ezewulum_ezewulum_umueze_aboro,2
anambra_ihiala_okija_uhu0b0_na_uhuowelle_ofor_na_ngwu_ezewulum_ezewulum_umueze_aboro_umueze_okoronkwo,Umueze Okoronkwo,anambra_ihiala_okija_uhu0b0_na_uhuowelle_ofor_na_ngwu_ezewulum_ezewulum_umueze_aboro,3
anambra_ihiala_okija_uhu0b0_na_uhuowelle_ofor_na_ngwu_ezewulum_ezewulum_umu_ezewinpi_umu_ezewinpi,Umu Ezewinpi,anambra_ihiala_okija_uhu0b0_na_uhuowelle_ofor_na_ngwu_ezewulum_ezewulum_umu_ezewinpi,1
anambra_ihiala_okija_uhu0b0_na_uhuowelle_ofor_na_ngwu_ezewulum_ezewulum_umu_nchaaru_umu_nchaaru,Umu Nchaaru,anambra_ihiala_okija_uhu0b0_na_uhuowelle_ofor_na_ngwu_ezewulum_ezewulum_umu_nchaaru,1
anambra_idemili_south_nnobi_ebenesi_ifite_ogbeaduji_ihuolile_ezedeke_ezeagu_ebekudike_okonkwo_ayotanze,Okonkwo Ayotanze,anambra_idemili_south_nnobi_ebenesi_ifite_ogbeaduji_ihuolile_ezedeke_ezeagu_ebekudike,1
anambra_idemili_south_nnobi_ebenesi_ifite_ogbeaduji_ihuolile_ezedeke_ezeagu_ebekudike_okoye_onyezuo,Okoye Onyezuo,anambra_idemili_south_nnobi_ebenesi_ifite_ogbeaduji_ihuolile_ezedeke_ezeagu_ebekudike,2
anambra_idemili_south_nnobi_ebenesi_ifite_ogbeaduji_ihuolile_ezedeke_ezeagu_ebekudike_obienu,Obienu,anambra_idemili_south_nnobi_ebenesi_ifite_ogbeaduji_ihuolile_ezedeke_ezeagu_ebekudike,3
